{"cameraMode":{"drawMode":0,"name":"Shaded","section":"Shading Mode"},"sceneLighting":true,"audioPlay":false,"sceneViewState":{"showFog":true,"showMaterialUpdate":false,"showSkybox":true,"showFlares":true,"showImageEffects":true,"showParticleSystems":true},"in2DMode":false,"pivot":{"x":-0.8495469689369202,"y":1.132917881011963,"z":0.36000001430511477},"rotation":{"x":0.1204618290066719,"y":0.08387697488069534,"z":0.010215289890766144,"w":-0.9891180992126465},"size":4.567343235015869,"orthographic":false}